participant,corpus_name,gender,age,yearsofeducation,mocaedaj,File,WC,Nodes,Edges,RE,PE,L1,L2,L3,LCC,LSC,ATD,Density,Diameter,ASP,CC,NORMAL
1618SCN,cognition,1,80,11,18,1618SCN,398,158,382,63,75,0,12,40,158,146,4.835443,0.024752,8,3.19721,0.16698,FALSE
1245SCN,cognition,0,78,14,18,1245SCN,293,163,273,19,22,4,5,10,163,140,3.349693,0.018708,10,3.766947,0.078809,FALSE
1217SCN,cognition,1,86,9,18,1217SCN,460,221,412,31,42,3,11,23,220,176,3.728507,0.015097,9,3.729722,0.100756,FALSE
1203SCN,cognition,1,85,11,18,1203SCN,532,235,488,51,57,6,8,16,235,196,4.153192,0.015457,12,3.757374,0.081391,FALSE
1189SCN,cognition,0,79,13,18,1189SCN,95,61,89,9,10,1,1,1,61,45,2.918033,0.042623,12,4.431148,0.037378,FALSE
1366SCN,cognition,0,84,13,19,1366SCN,246,147,225,11,13,0,2,5,147,119,3.061225,0.019756,11,4.057777,0.040219,FALSE
1188SCN,cognition,1,85,15,19,1188SCN,303,171,273,9,13,1,4,10,163,135,3.192982,0.017819,9,3.680906,0.079879,FALSE
1138SCN,cognition,1,72,11,19,1138SCN,421,211,384,33,40,1,7,18,211,187,3.63981,0.015482,11,3.883503,0.087204,FALSE
1031SCN,cognition,1,90,11,19,1031SCN,348,161,327,40,46,5,6,23,154,142,4.062112,0.021429,7,3.402173,0.10882,FALSE
1611SCN,cognition,0,79,9,20,1611SCN,365,195,339,21,31,1,10,18,194,176,3.476923,0.016231,10,3.750387,0.077893,FALSE
1460SCN,cognition,1,84,12,20,1460SCN,279,159,246,15,20,3,5,3,155,103,3.09434,0.017753,12,4.399162,0.020307,FALSE
1388SCN,cognition,0,86,10,20,1388SCN,147,83,128,6,11,1,5,5,79,54,3.084337,0.034088,10,3.526452,0.109481,FALSE
1286SCN,cognition,1,86,15,20,1286SCN,314,166,292,18,25,4,8,11,165,150,3.518072,0.019204,8,3.55595,0.075869,FALSE
1257SCN,cognition,0,67,11,20,1257SCN,271,160,247,14,15,2,1,5,159,143,3.0875,0.018082,9,4.31343,0.054614,FALSE
1250SCN,cognition,0,85,11,20,1250SCN,226,102,211,36,44,2,9,16,100,85,4.137255,0.032033,8,3.326061,0.135303,FALSE
1209SCN,cognition,0,82,10,20,1209SCN,266,155,242,15,24,1,9,8,155,124,3.122581,0.018182,11,4.162966,0.063486,FALSE
1208SCN,cognition,1,71,16,20,1208SCN,273,120,237,33,37,1,4,8,120,97,3.95,0.027871,8,3.582073,0.121822,FALSE
1185SCN,cognition,0,97,18,20,1185SCN,92,65,83,4,4,0,0,0,63,43,2.553846,0.037981,13,4.138249,0,FALSE
1108SCN,cognition,0,66,14,20,1108SCN,919,289,841,163,189,9,28,96,285,253,5.820069,0.015451,8,3.29192,0.115273,FALSE
1042SCN,cognition,1,80,12,20,1042SCN,254,125,236,26,28,9,3,12,122,98,3.776,0.025677,10,3.67186,0.095581,FALSE
1012SCN,cognition,0,71,10,20,1012SCN,349,153,331,43,52,2,9,10,153,136,4.326798,0.023822,11,3.708462,0.07468,FALSE
1624SCN,cognition,1,69,12,26,1624SCN,333,194,314,13,20,1,7,11,193,179,3.237114,0.015651,9,3.913266,0.075816,TRUE
1607SCN,cognition,1,70,15,26,1607SCN,454,211,422,47,54,1,7,9,209,186,4,0.016565,9,3.557186,0.087985,TRUE
1594SCN,cognition,0,66,10,26,1594SCN,204,124,189,8,14,0,6,8,119,107,3.048387,0.022948,9,3.560461,0.090809,TRUE
1586SCN,cognition,0,78,14,26,1586SCN,453,219,418,31,42,2,11,39,219,191,3.817352,0.015668,10,3.630807,0.12511,TRUE
1559SCN,cognition,0,71,13,26,1559SCN,364,172,340,42,46,2,5,7,172,149,3.953488,0.019856,8,3.685367,0.050184,TRUE
1547SCN,cognition,1,72,13,26,1547SCN,741,281,709,112,138,2,27,114,281,269,5.046263,0.014464,7,2.958033,0.259817,TRUE
1484SCN,cognition,0,68,14,26,1484SCN,312,163,279,20,28,4,8,9,161,132,3.423313,0.018708,11,4.114363,0.06094,TRUE
1478SCN,cognition,1,69,18,26,1478SCN,524,235,479,44,56,2,12,44,235,197,4.076596,0.015312,12,3.718785,0.126748,TRUE
1472SCN,cognition,0,82,13,26,1472SCN,689,289,629,83,92,3,9,32,288,259,4.352941,0.012832,8,3.604046,0.087734,TRUE
1464SCN,cognition,0,81,14,26,1464SCN,413,203,379,30,38,2,8,19,202,180,3.73399,0.016534,10,3.848677,0.07823,TRUE
1439SCN,cognition,0,75,15,26,1439SCN,332,193,306,17,22,0,5,7,192,161,3.170985,0.015328,13,4.381163,0.050661,TRUE
1426SCN,cognition,1,75,14,26,1426SCN,316,177,291,16,24,2,8,6,177,144,3.288136,0.017013,11,4.327363,0.070903,TRUE
1391SCN,cognition,0,78,15,26,1391SCN,413,171,377,54,60,3,6,17,171,151,4.409357,0.021603,8,3.349914,0.089213,TRUE
1387SCN,cognition,1,73,15,26,1387SCN,435,222,392,33,37,4,5,18,222,171,3.531532,0.014308,11,4.098691,0.06493,TRUE
1355SCN,cognition,0,69,11,26,1355SCN,235,144,218,6,11,2,5,4,142,129,3.027778,0.019911,9,3.903806,0.052557,TRUE
1314SCN,cognition,0,68,11,26,1314SCN,220,134,203,16,21,1,5,5,130,112,3.029851,0.020312,11,4.159332,0.047647,TRUE
1307SCN,cognition,0,78,11,26,1307SCN,288,176,265,9,17,0,8,4,176,150,3.011364,0.016104,10,4.715649,0.024524,TRUE
1289SCN,cognition,1,72,12,26,1289SCN,448,223,418,28,35,5,8,17,223,206,3.748879,0.015271,8,3.503373,0.103837,TRUE
1284SCN,cognition,0,74,10,26,1284SCN,66,50,56,0,1,1,1,3,45,21,2.24,0.044082,11,4.338384,0.104654,TRUE
1279SCN,cognition,1,73,15,26,1279SCN,242,154,221,4,7,1,3,5,154,128,2.87013,0.01808,9,4.015364,0.068646,TRUE
1263SCN,cognition,0,77,15,26,1263SCN,258,148,238,10,15,0,5,7,148,131,3.216216,0.0205,8,3.577404,0.09,TRUE
1260SCN,cognition,0,78,21,26,1260SCN,353,169,331,39,55,0,16,31,165,147,3.91716,0.019442,8,3.094531,0.190328,TRUE
1258SCN,cognition,1,79,13,26,1258SCN,320,183,296,9,15,5,6,7,181,160,3.234973,0.016574,9,3.824371,0.061863,TRUE
1252SCN,cognition,1,81,12,26,1252SCN,424,168,398,67,75,6,8,33,168,152,4.738095,0.022598,8,3.370758,0.089427,TRUE
1246SCN,cognition,0,66,18,26,1246SCN,176,93,167,15,23,0,8,12,93,82,3.591398,0.033661,8,3.272791,0.107709,TRUE
1235SCN,cognition,1,80,14,26,1235SCN,306,175,287,17,25,0,8,22,174,146,3.28,0.017209,9,3.575178,0.155155,TRUE
1234SCN,cognition,0,80,11,26,1234SCN,72,45,67,4,5,0,1,7,45,30,2.977778,0.062626,12,3.961616,0.231071,TRUE
1219SCN,cognition,0,83,12,26,1219SCN,148,84,135,8,10,2,2,4,83,73,3.214286,0.035284,9,4.070526,0.030085,TRUE
1211SCN,cognition,0,93,10,26,1211SCN,75,44,68,5,5,0,0,3,43,37,3.090909,0.066596,8,3.17608,0.122234,TRUE
1197SCN,cognition,1,90,13,26,1197SCN,262,136,239,33,39,2,6,13,130,96,3.514706,0.021569,13,4.161121,0.095991,TRUE
1177SCN,cognition,0,70,16,26,1177SCN,267,161,248,10,15,2,5,10,160,134,3.080746,0.017935,10,4.076651,0.074664,TRUE
1166SCN,cognition,0,72,12,26,1166SCN,146,75,135,6,11,1,5,9,75,70,3.6,0.044324,6,3.016216,0.13235,TRUE
1164SCN,cognition,0,71,10,26,1164SCN,552,244,497,43,51,7,8,18,242,205,4.073771,0.014808,10,3.747745,0.087975,TRUE
'1162SCN ',cognition,0,70,19,26,1162SCN,300,117,271,41,46,2,5,14,117,106,4.632479,0.032862,7,3.142352,0.129578,TRUE
1158SCN,cognition,0,67,10,26,1158SCN,222,122,202,11,15,3,4,6,122,108,3.311476,0.024929,8,3.826853,0.073046,TRUE
1157SCN,cognition,1,86,16,26,1157SCN,441,225,389,22,31,1,9,22,218,181,3.457778,0.014167,10,3.736059,0.091887,TRUE
1144SCN,cognition,0,68,16,26,1144SCN,86,59,76,6,6,1,0,3,38,27,2.576271,0.040327,12,4.450925,0.053672,TRUE
1140SCN,cognition,0,68,11,26,1140SCN,153,77,139,17,22,2,5,7,76,64,3.61039,0.039303,8,3.378947,0.05178,TRUE
1110SCN,cognition,0,71,15,26,1110SCN,859,259,793,190,211,14,27,71,259,234,6.123552,0.017,6,3.125827,0.13621,TRUE
1106SCN,cognition,0,70,12,26,1106SCN,675,266,617,82,91,4,10,25,265,237,4.639098,0.014811,9,3.534305,0.078324,TRUE
1100SCN,cognition,1,77,12,26,1100SCN,296,139,280,27,30,0,3,15,139,129,4.028777,0.026066,9,3.452091,0.113609,TRUE
1096SCN,cognition,0,68,14,26,1096SCN,121,57,113,16,19,0,3,11,57,52,3.964912,0.058897,7,3.026316,0.170968,TRUE
1093SCN,cognition,1,67,17,26,1093SCN,852,331,804,105,125,12,25,40,331,308,4.858006,0.012213,9,3.526046,0.113645,TRUE
1091SCN,cognition,1,78,9,26,1091SCN,418,212,392,27,36,4,9,18,212,190,3.698113,0.015738,9,3.900787,0.090347,TRUE
1088SCN,cognition,0,66,10,26,1088SCN,149,76,141,7,10,1,3,9,76,73,3.710526,0.045614,7,3.283509,0.10898,TRUE
1046SCN,cognition,0,66,13,26,1046SCN,924,331,834,112,124,11,15,59,331,297,5.039275,0.012799,8,3.475785,0.115867,TRUE
1035SCN,cognition,0,71,15,26,1035SCN,730,231,687,142,165,3,23,61,231,214,5.948052,0.019537,7,3.157162,0.161818,TRUE
1033SCN,cognition,0,77,11,26,1033SCN,134,64,125,12,17,2,5,9,63,57,3.90625,0.052579,7,2.96723,0.087891,TRUE
1030SCN,cognition,1,85,12,26,1030SCN,250,127,236,24,31,0,7,15,127,108,3.716535,0.025622,9,3.548431,0.112793,TRUE
1025SCN,cognition,0,76,14,26,1025SCN,294,149,276,15,19,4,4,17,148,137,3.704698,0.022946,11,3.580989,0.119995,TRUE
1021SCN,cognition,1,81,9,26,1021SCN,296,121,275,47,55,2,8,16,120,115,4.545455,0.030028,7,3.323669,0.143185,TRUE
1015SCN,cognition,0,75,15,26,1015SCN,333,172,309,31,33,1,2,12,172,156,3.593023,0.0187,8,3.862233,0.078123,TRUE
1000SCN,cognition,0,76,10,26,1000SCN,273,136,244,24,33,0,9,13,136,98,3.588235,0.022985,11,3.716449,0.090149,TRUE
1606SCN,cognition,0,69,11,27,1606SCN,358,188,337,25,35,0,10,21,188,168,3.585106,0.017181,9,3.619012,0.104794,TRUE
1605SCN,cognition,1,71,12,27,1605SCN,273,150,257,21,32,2,11,12,149,137,3.426667,0.019955,8,3.515509,0.089427,TRUE
1597SCN,cognition,0,71,14,27,1597SCN,772,309,736,100,116,3,16,60,306,291,4.763754,0.012966,7,3.290496,0.131772,TRUE
1580SCN,cognition,0,74,15,27,1580SCN,414,201,391,41,52,0,11,16,201,189,3.890547,0.016866,8,3.504826,0.093997,TRUE
1551SCN,cognition,0,67,15,27,1551SCN,380,166,353,52,58,0,6,9,164,150,4.253012,0.021541,9,3.724076,0.036467,TRUE
1543SCN,cognition,0,79,10,27,1543SCN,471,243,433,20,31,4,11,16,240,216,3.563786,0.013536,9,4.047629,0.050157,TRUE
1541SCN,cognition,1,72,11,27,1541SCN,401,201,375,36,50,1,14,26,198,178,3.731343,0.016119,9,3.488797,0.12481,TRUE
1528SCN,cognition,0,71,15,27,1528SCN,457,221,427,29,43,0,14,38,217,206,3.864253,0.015796,8,3.333291,0.149697,TRUE
1527SCN,cognition,1,84,16,27,1527SCN,273,164,250,12,14,0,2,6,164,129,3.04878,0.017657,10,4.14088,0.075647,TRUE
1526SCN,cognition,0,81,14,27,1526SCN,202,108,182,18,20,1,2,3,107,81,3.37037,0.027864,13,4.132604,0.037406,TRUE
1517SCN,cognition,0,74,20,27,1517SCN,382,208,342,24,28,2,4,7,203,172,3.288461,0.014493,10,4.11969,0.040172,TRUE
1481SCN,cognition,0,65,15,27,1481SCN,655,218,602,93,115,6,24,66,218,196,5.522936,0.020336,7,3.137488,0.165594,TRUE
1465SCN,cognition,0,65,13,27,1465SCN,383,208,349,15,17,1,2,7,208,171,3.355769,0.015375,11,4.182832,0.051565,TRUE
1462SCN,cognition,0,71,10,27,1462SCN,172,92,155,11,16,0,5,7,90,77,3.369565,0.033206,8,3.722097,0.104672,TRUE
1452SCN,cognition,0,68,15,27,1452SCN,326,178,305,23,32,1,9,13,177,148,3.426966,0.017267,11,3.728749,0.098032,TRUE
1434SCN,cognition,0,65,15,27,1434SCN,265,154,238,15,21,1,6,5,154,111,3.090909,0.018335,15,4.761905,0.079229,TRUE
1431SCN,cognition,0,74,14,27,1431SCN,333,183,306,29,35,1,6,7,180,142,3.344262,0.016213,12,4.216946,0.036131,TRUE
1403SCN,cognition,0,75,8,27,1403SCN,193,108,175,18,16,4,1,3,108,76,3.240741,0.026826,11,4.47577,0.052389,TRUE
1396SCN,cognition,0,65,15,27,1396SCN,574,275,528,57,61,2,4,23,272,234,3.84,0.012342,10,3.891198,0.115711,TRUE
1374SCN,cognition,0,75,14,27,1374SCN,491,257,451,32,36,5,4,12,255,217,3.509728,0.012464,10,3.957511,0.073177,TRUE
1360SCN,cognition,0,71,13,27,1360SCN,651,228,612,114,129,3,16,54,227,213,5.368421,0.018549,7,3.134381,0.196227,TRUE
1351SCN,cognition,0,71,14,27,1351SCN,385,207,353,21,27,1,6,8,207,156,3.410628,0.015243,11,4.00591,0.066196,TRUE
1333SCN,cognition,0,75,14,27,1333SCN,311,171,287,26,29,2,3,5,168,143,3.356725,0.017613,14,4.387725,0.054451,TRUE
1313SCN,cognition,0,82,13,27,1313SCN,320,181,295,6,18,3,12,11,181,171,3.259669,0.01682,9,4.110313,0.070749,TRUE
1308SCN,cognition,1,67,10,27,1308SCN,307,132,282,40,49,3,9,21,132,113,4.272728,0.026602,10,3.498496,0.099176,TRUE
1305SCN,cognition,0,69,15,27,1305SCN,318,176,292,20,28,3,8,8,171,158,3.318182,0.016948,9,4.032129,0.065083,TRUE
1304SCN,cognition,1,78,10,27,1304SCN,351,153,326,36,43,4,8,25,153,132,4.261438,0.023994,8,3.411593,0.088863,TRUE
1300SCN,cognition,1,79,11,27,1300SCN,101,68,90,2,3,1,1,1,66,34,2.647059,0.037752,11,4.085315,0.058007,TRUE
1292SCN,cognition,0,72,10,27,1292SCN,474,237,442,33,42,3,10,18,234,216,3.729958,0.014196,7,3.507905,0.094806,TRUE
1273SCN,cognition,0,75,13,27,1273SCN,585,238,546,88,94,6,7,30,238,219,4.588235,0.015814,10,3.520689,0.109435,TRUE
1269SCN,cognition,0,78,11,27,1269SCN,255,155,231,6,10,0,4,5,155,120,2.980645,0.018517,10,4.155928,0.026311,TRUE
1261SCN,cognition,0,77,14,27,1261SCN,320,183,297,15,20,0,5,9,183,157,3.245902,0.016634,9,3.95088,0.036762,TRUE
1259SCN,cognition,1,78,18,27,1259SCN,289,160,266,19,25,2,6,6,159,145,3.325,0.018789,9,4.185176,0.058495,TRUE
1244SCN,cognition,1,79,10,27,1244SCN,315,143,295,29,39,2,11,25,143,127,4.125874,0.025017,9,3.296661,0.141874,TRUE
1222SCN,cognition,0,65,13,27,1222SCN,385,188,362,38,50,1,12,28,188,172,3.851064,0.017693,8,3.357834,0.129644,TRUE
1214SCN,cognition,0,78,17,27,1214SCN,349,186,308,10,15,2,5,19,183,137,3.311828,0.016914,12,4.027983,0.105142,TRUE
1206SCN,cognition,1,77,18,27,1206SCN,348,193,315,28,30,0,2,7,191,135,3.264249,0.015382,11,4.435933,0.043952,TRUE
1204SCN,cognition,0,73,14,27,1204SCN,279,166,250,12,13,0,1,4,166,133,3.012048,0.017306,12,4.521431,0.052843,TRUE
1195SCN,cognition,1,72,16,27,1195SCN,73,46,68,4,6,0,2,1,46,28,2.956522,0.059903,8,3.692754,0.009699,TRUE
1192SCN,cognition,0,69,11,27,1192SCN,48,34,42,2,3,0,1,1,33,21,2.470588,0.069519,10,4.276515,0.079501,TRUE
1190SCN,cognition,0,67,17,27,1190SCN,329,181,306,17,22,2,5,12,180,153,3.381216,0.017311,13,4.119926,0.076908,TRUE
1174SCN,cognition,1,71,17,27,1174SCN,132,79,123,5,5,1,0,3,76,70,3.113924,0.037975,8,3.711228,0.055031,TRUE
1163SCN,cognition,0,70,13,27,1163SCN,591,269,536,49,59,3,11,37,268,233,3.98513,0.01315,8,3.578065,0.115399,TRUE
1151SCN,cognition,1,66,17,27,1151SCN,538,248,485,44,56,5,15,29,248,219,3.91129,0.013844,8,3.465326,0.105827,TRUE
1150SCN,cognition,0,66,19,27,1150SCN,543,218,498,63,71,4,9,18,218,183,4.568807,0.017884,8,3.479559,0.102035,TRUE
1142SCN,cognition,1,78,17,27,1142SCN,366,153,337,36,43,6,7,24,153,134,4.405229,0.024768,9,3.388201,0.120591,TRUE
1139SCN,cognition,0,75,17,27,1139SCN,141,85,130,6,8,1,2,1,82,72,3.058824,0.033894,9,3.8648,0.054307,TRUE
1123SCN,cognition,?,76,9,27,1123SCN,425,208,399,34,44,5,11,22,208,184,3.836539,0.016258,9,3.78953,0.042559,TRUE
1118SCN,cognition,1,75,21,27,1118SCN,1651,466,1557,335,394,17,65,304,466,437,6.682404,0.010577,9,3.118999,0.219569,TRUE
1117SCN,cognition,0,71,11,27,1117SCN,81,49,74,3,8,0,5,3,49,36,3.020408,0.056122,9,3.612245,0.126173,TRUE
1113SCN,cognition,1,79,15,27,1113SCN,807,308,755,103,125,4,23,72,308,281,4.902597,0.013241,7,3.315559,0.117327,TRUE
1104SCN,cognition,0,72,10,27,1104SCN,191,96,173,20,22,1,2,11,91,71,3.604167,0.032895,10,3.442491,0.08564,TRUE
1092SCN,cognition,0,67,17,27,1092SCN,358,159,339,36,43,5,8,28,158,153,4.264151,0.023167,7,3.293558,0.153967,TRUE
1054SCN,cognition,0,73,12,27,1054SCN,320,161,295,27,31,0,4,9,160,144,3.664596,0.020497,10,3.786164,0.047925,TRUE
1048SCN,cognition,0,81,7,27,1048SCN,256,131,231,19,22,2,4,12,130,118,3.526718,0.02431,8,3.290638,0.136404,TRUE
1047SCN,cognition,0,79,14,27,1047SCN,339,154,308,41,52,5,12,19,154,121,4,0.021305,9,3.664714,0.112163,TRUE
1039SCN,cognition,0,65,10,27,1039SCN,101,64,93,3,5,3,2,3,54,45,2.90625,0.042163,8,3.533892,0.027694,TRUE
1029SCN,cognition,0,69,17,27,1029SCN,452,208,420,25,37,3,12,27,208,189,4.038462,0.017651,9,3.615756,0.14161,TRUE
1028SCN,cognition,0,70,12,27,1028SCN,657,263,604,77,88,8,13,28,263,241,4.593156,0.014745,7,3.528604,0.061302,TRUE
1011SCN,cognition,0,80,9,27,1011SCN,164,104,150,6,9,0,3,2,102,77,2.884615,0.026326,11,4.372743,0.03733,TRUE
1003SCN,cognition,0,66,10,27,1003SCN,176,92,152,15,20,3,6,7,88,55,3.304348,0.030817,13,4.443835,0.086117,TRUE
1584SCN,cognition,0,72,10,28,1584SCN,291,161,272,17,22,0,5,8,160,149,3.378882,0.01941,8,3.546305,0.081163,TRUE
1573SCN,cognition,0,66,18,28,1573SCN,398,200,368,26,34,0,8,10,200,168,3.68,0.016784,10,3.85809,0.061798,TRUE
1569SCN,cognition,0,87,13,28,1569SCN,334,187,309,23,27,0,4,4,187,154,3.304813,0.016215,11,4.002473,0.04548,TRUE
1566SCN,cognition,1,72,14,28,1566SCN,221,114,206,15,21,0,6,16,114,105,3.614035,0.028722,8,3.329607,0.128986,TRUE
1507SCN,cognition,0,67,15,28,1507SCN,266,117,239,31,36,2,5,14,117,95,4.08547,0.02962,8,3.448128,0.157703,TRUE
1496SCN,cognition,1,74,24,28,1496SCN,365,188,337,20,29,3,9,17,187,164,3.585106,0.017351,10,3.670577,0.075611,TRUE
1494SCN,cognition,0,69,17,28,1494SCN,529,234,485,49,54,0,5,21,234,204,4.145299,0.01581,10,3.633469,0.075241,TRUE
1442SCN,cognition,0,74,13,28,1442SCN,368,152,333,38,45,1,7,18,152,127,4.381579,0.025009,6,3.230045,0.110088,TRUE
1441SCN,cognition,0,74,11,28,1441SCN,339,191,312,18,23,2,5,12,187,162,3.267016,0.015817,10,4.014145,0.06253,TRUE
1411SCN,cognition,0,70,10,28,1411SCN,265,152,235,12,20,2,8,5,145,128,3.092105,0.01856,9,4.224904,0.044533,TRUE
1407SCN,cognition,1,71,12,28,1407SCN,337,155,310,43,49,2,6,6,154,136,4,0.021701,11,3.706222,0.052623,TRUE
1392SCN,cognition,0,77,17,28,1392SCN,172,80,155,19,21,0,2,3,80,68,3.875,0.042405,9,3.483861,0.061548,TRUE
1376SCN,cognition,1,75,20,28,1376SCN,354,156,324,31,39,1,8,21,156,143,4.153846,0.02349,7,3.444251,0.101864,TRUE
1370SCN,cognition,0,72,17,28,1370SCN,1068,362,985,188,204,9,16,82,361,316,5.441989,0.011815,9,3.425439,0.127422,TRUE
1346SCN,cognition,0,72,14,28,1346SCN,205,114,190,12,15,1,3,7,111,98,3.333333,0.027014,9,3.811466,0.058108,TRUE
1319SCN,cognition,1,76,22,28,1319SCN,356,190,330,22,28,2,6,14,190,169,3.473684,0.016708,8,3.689446,0.083254,TRUE
1310SCN,cognition,1,68,17,28,1310SCN,558,256,516,63,76,1,13,27,256,241,4.03125,0.01345,8,3.640931,0.115282,TRUE
1298SCN,cognition,0,73,16,28,1298SCN,267,163,244,7,10,3,3,2,161,140,2.993865,0.017496,9,3.824534,0.048574,TRUE
1294SCN,cognition,1,72,17,28,1294SCN,240,146,219,19,24,0,5,6,143,108,3,0.018422,11,4.289274,0.069445,TRUE
1278SCN,cognition,1,75,16,28,1278SCN,437,211,409,37,41,5,7,31,211,194,3.876777,0.016385,13,3.768856,0.106465,TRUE
1264SCN,cognition,0,76,19,28,1264SCN,293,165,271,21,27,2,7,10,165,132,3.284849,0.017886,11,4.140576,0.058592,TRUE
1237SCN,cognition,1,73,12,28,1237SCN,325,189,298,8,12,2,4,12,189,148,3.153439,0.015986,15,4.464652,0.063652,TRUE
1228SCN,cognition,1,86,17,28,1228SCN,508,225,482,68,84,5,18,61,224,210,4.284444,0.015595,8,3.120316,0.254113,TRUE
1193SCN,cognition,0,68,11,28,1193SCN,329,194,304,12,16,0,4,3,191,156,3.134021,0.015384,12,4.256104,0.024943,TRUE
1191SCN,cognition,1,72,11,28,1191SCN,159,85,148,13,17,2,4,5,85,72,3.482353,0.036134,11,3.97451,0.074165,TRUE
1186SCN,cognition,0,70,12,28,1186SCN,215,148,195,7,9,1,2,1,141,114,2.635135,0.017007,16,5.318744,0.007957,TRUE
1173SCN,cognition,0,72,18,28,1173SCN,198,103,181,18,20,2,2,8,102,85,3.514563,0.030268,8,3.761988,0.068518,TRUE
1170SCN,cognition,0,74,16,28,1170SCN,272,128,256,29,34,3,5,13,128,121,4,0.026944,8,3.39407,0.121618,TRUE
1168SCN,cognition,0,71,16,28,1168SCN,352,152,332,43,52,3,9,21,151,140,4.368421,0.024137,7,3.210508,0.111846,TRUE
1167SCN,cognition,0,72,18,28,1167SCN,385,202,359,16,20,2,4,8,202,178,3.554456,0.0166,9,3.837102,0.047506,TRUE
1165SCN,cognition,0,71,10,28,1165SCN,211,95,197,28,29,3,2,13,95,82,4.147368,0.036954,7,3.340202,0.122127,TRUE
'1161SCN ',cognition,1,70,20,28,1161SCN,354,148,325,53,63,3,10,20,148,124,4.391892,0.02381,9,3.477202,0.097092,TRUE
1156SCN,cognition,0,67,13,28,1156SCN,117,65,106,15,22,0,7,3,60,45,3.261539,0.040385,10,3.374576,0.067882,TRUE
1155SCN,cognition,1,67,13,28,1155SCN,457,183,420,75,87,5,12,43,183,164,4.590164,0.019696,7,3.273825,0.148149,TRUE
1152SCN,cognition,0,66,15,28,1152SCN,600,236,548,77,93,3,16,51,233,202,4.644068,0.0163,8,3.349045,0.160112,TRUE
1148SCN,cognition,0,65,16,28,1148SCN,507,249,460,34,51,2,17,26,249,209,3.694779,0.013182,9,3.718066,0.075947,TRUE
1147SCN,cognition,1,70,12,28,1147SCN,183,99,168,14,19,0,5,9,94,69,3.39394,0.030715,11,4.201098,0.08726,TRUE
1136SCN,cognition,1,77,13,28,1136SCN,256,134,240,12,19,3,7,11,132,125,3.58209,0.024464,8,3.37474,0.108109,TRUE
1130SCN,cognition,0,74,10,28,1130SCN,966,345,909,152,179,2,27,77,344,317,5.269565,0.012268,8,3.474371,0.096402,TRUE
1126SCN,cognition,0,68,14,28,1126SCN,93,66,85,1,4,0,3,5,62,43,2.575758,0.037762,10,4.635114,0.148137,TRUE
1116SCN,cognition,0,73,10,28,1116SCN,111,57,99,12,13,0,1,4,56,52,3.473684,0.053885,6,3.112987,0.146455,TRUE
1115SCN,cognition,0,70,11,28,1115SCN,117,61,103,7,11,1,4,9,60,42,3.377049,0.049727,8,3.548023,0.169503,TRUE
1111SCN,cognition,1,70,16,28,1111SCN,471,230,434,43,58,3,15,20,227,194,3.773913,0.014164,9,3.672332,0.084793,TRUE
1102SCN,cognition,0,69,12,28,1102SCN,170,110,159,10,10,0,0,2,109,88,2.890909,0.024854,10,4.244309,0.040049,TRUE
1097SCN,cognition,0,82,12,28,1097SCN,1050,371,981,147,172,9,26,71,371,325,5.28841,0.011656,11,3.423836,0.131467,TRUE
1089SCN,cognition,1,73,12,28,1089SCN,1255,362,1175,244,277,13,35,161,361,333,6.491713,0.013544,9,3.155756,0.182397,TRUE
1037SCN,cognition,1,76,11,28,1037SCN,235,114,221,29,35,0,6,12,114,97,3.877193,0.028878,8,3.489986,0.088408,TRUE
1036SCN,cognition,0,75,13,28,1036SCN,642,263,580,78,87,10,15,54,263,218,4.410646,0.014019,10,3.739036,0.092154,TRUE
1014SCN,cognition,0,68,12,28,1014SCN,165,91,150,11,12,0,1,7,91,71,3.296703,0.0337,7,3.467155,0.096729,TRUE
1013SCN,cognition,0,68,7,28,1013SCN,348,164,314,26,38,3,12,17,164,138,3.829268,0.020425,10,3.680458,0.078758,TRUE
1616SCN,cognition,0,73,16,29,1616SCN,611,261,573,65,91,1,26,56,259,241,4.390805,0.014176,7,3.294753,0.147862,TRUE
1563SCN,cognition,0,70,12,29,1563SCN,69,49,60,5,5,0,0,1,40,30,2.44898,0.046769,10,4.217949,0.07104,TRUE
1458SCN,cognition,0,68,17,29,1458SCN,412,222,377,26,29,1,3,7,222,167,3.396396,0.014145,12,4.33317,0.020587,TRUE
1450SCN,cognition,1,71,18,29,1450SCN,302,145,273,29,33,2,4,9,144,127,3.765517,0.022797,9,3.900641,0.08381,TRUE
1445SCN,cognition,0,65,22,29,1445SCN,211,138,187,3,6,0,3,1,134,103,2.710145,0.019147,13,4.623162,0.016464,TRUE
1423SCN,cognition,0,68,16,29,1423SCN,190,109,175,7,8,0,1,6,109,93,3.211009,0.028372,8,3.684676,0.10041,TRUE
1402SCN,cognition,1,72,20,29,1402SCN,381,216,352,17,26,0,9,11,215,167,3.259259,0.01404,12,4.447381,0.047464,TRUE
1401SCN,cognition,1,65,17,29,1401SCN,497,241,454,45,49,3,5,13,241,195,3.767635,0.0139,11,3.993983,0.046623,TRUE
1398SCN,cognition,0,66,14,29,1398SCN,783,297,714,118,127,4,10,48,297,258,4.808081,0.013263,10,3.478592,0.126673,TRUE
1384SCN,cognition,0,74,13,29,1384SCN,523,197,484,86,102,8,17,50,197,173,4.913705,0.019372,8,3.367606,0.131147,TRUE
1354SCN,cognition,0,68,10,29,1354SCN,354,183,326,24,26,9,5,10,183,162,3.562841,0.017474,8,3.716748,0.04987,TRUE
1347SCN,cognition,0,71,16,29,1347SCN,248,126,231,19,28,0,9,10,125,101,3.666667,0.025778,11,3.759355,0.116156,TRUE
1337SCN,cognition,0,73,11,29,1337SCN,123,72,111,9,9,0,0,6,71,54,3.083333,0.039906,9,3.577867,0.114151,TRUE
1326SCN,cognition,0,65,15,29,1326SCN,454,233,417,33,40,0,7,18,232,193,3.579399,0.013948,10,3.889573,0.08445,TRUE
1306SCN,cognition,0,65,11,29,1306SCN,297,145,271,21,27,2,6,14,145,126,3.737931,0.02318,9,3.562261,0.101152,TRUE
1283SCN,cognition,1,75,12,29,1283SCN,352,174,330,39,44,1,5,10,174,156,3.793104,0.018936,11,3.779948,0.085268,TRUE
1280SCN,cognition,0,71,12,29,1280SCN,260,122,240,29,34,2,5,15,120,103,3.934426,0.027639,10,3.472409,0.103625,TRUE
1266SCN,cognition,0,77,14,29,1266SCN,640,276,601,71,80,2,9,32,276,250,4.355073,0.013676,7,3.437918,0.09868,TRUE
1256SCN,cognition,0,74,15,29,1256SCN,325,153,296,34,41,2,7,5,153,127,3.869281,0.021758,11,3.906777,0.058817,TRUE
1253SCN,cognition,1,79,11,29,1253SCN,108,68,101,4,4,2,1,4,67,63,2.970588,0.041703,9,4.092718,0.034037,TRUE
1240SCN,cognition,0,67,12,29,1240SCN,509,234,479,52,61,1,9,15,234,218,4.094017,0.015297,9,3.701662,0.070712,TRUE
1232SCN,cognition,0,81,11,29,1232SCN,107,58,101,13,22,0,9,12,56,48,3.482759,0.047792,8,3.191558,0.179536,TRUE
1231SCN,cognition,1,67,14,29,1231SCN,498,212,472,58,78,4,20,38,212,197,4.45283,0.017437,9,3.362246,0.13718,TRUE
1230SCN,cognition,0,74,17,29,1230SCN,75,48,69,3,3,1,0,3,45,38,2.875,0.057624,7,3.225253,0.063109,TRUE
1229SCN,cognition,0,76,15,29,1229SCN,490,242,462,32,42,5,11,31,242,212,3.818182,0.014231,14,3.690477,0.138664,TRUE
1212SCN,cognition,0,81,11,29,1212SCN,315,184,282,6,11,0,5,11,184,149,3.065218,0.016096,12,4.302566,0.062409,TRUE
1207SCN,cognition,1,78,18,29,1207SCN,157,94,142,10,15,4,6,1,88,60,3.021277,0.02814,13,4.713166,0.016194,TRUE
1178SCN,cognition,0,73,11,29,1178SCN,176,104,165,11,14,2,3,5,97,89,3.173077,0.027819,8,3.740979,0.102979,TRUE
1175SCN,cognition,1,70,12,29,1175SCN,318,140,298,41,43,1,2,10,140,127,4.257143,0.026105,8,3.26814,0.082644,TRUE
1153SCN,cognition,0,71,2,29,1153SCN,952,333,871,157,172,6,15,72,332,297,5.231231,0.012537,11,3.425418,0.136396,TRUE
1149SCN,cognition,0,66,10,29,1149SCN,279,132,253,27,38,1,11,9,132,110,3.833333,0.024751,8,3.537011,0.076705,TRUE
1143SCN,cognition,0,69,10,29,1143SCN,448,209,407,38,46,2,8,20,209,166,3.894737,0.016516,10,3.696862,0.111197,TRUE
1141SCN,cognition,0,73,14,29,1141SCN,356,148,328,63,72,4,10,23,146,133,4.432433,0.023166,7,3.264431,0.131915,TRUE
1119SCN,cognition,0,76,12,29,1119SCN,69,51,63,0,1,0,1,3,51,36,2.470588,0.048627,15,4.756078,0.086707,TRUE
1109SCN,cognition,1,69,16,29,1109SCN,505,246,457,32,41,15,17,22,243,211,3.715447,0.013307,8,3.718872,0.064146,TRUE
1105SCN,cognition,0,68,11,29,1105SCN,1303,389,1166,211,230,11,21,125,389,332,5.994859,0.012257,9,3.348859,0.116285,TRUE
1103SCN,cognition,0,68,13,29,1103SCN,564,238,513,54,77,4,23,50,237,218,4.310925,0.015318,6,3.146356,0.169976,TRUE
1095SCN,cognition,1,74,17,29,1095SCN,404,216,379,21,29,0,8,15,216,201,3.509259,0.015073,10,3.837123,0.068956,TRUE
1090SCN,cognition,0,73,9,29,1090SCN,230,122,218,14,16,3,3,11,122,112,3.573771,0.026961,9,3.818046,0.083263,TRUE
1085SCN,cognition,1,80,12,29,1085SCN,329,187,304,14,20,1,6,6,187,162,3.251337,0.016273,10,4.168535,0.034805,TRUE
1064SCN,cognition,0,67,14,29,1064SCN,586,266,525,40,55,1,15,38,262,232,3.947368,0.013307,9,3.422246,0.130721,TRUE
1060SCN,cognition,0,68,10,29,1060SCN,467,166,437,81,89,3,8,27,166,160,5.26506,0.025192,7,3.178167,0.155155,TRUE
1038SCN,cognition,1,80,10,29,1038SCN,133,78,122,9,14,1,5,5,76,64,3.128205,0.035631,9,3.773684,0.090986,TRUE
1023SCN,cognition,0,77,10,29,1023SCN,161,86,147,10,14,0,4,6,85,72,3.418605,0.036389,9,3.717087,0.083616,TRUE
1018SCN,cognition,0,77,10,29,1018SCN,376,162,348,38,53,1,15,31,160,135,4.296296,0.022544,9,3.397956,0.138059,TRUE
1010SCN,cognition,1,66,14,29,1010SCN,306,157,283,20,30,2,10,18,155,135,3.605096,0.020496,10,3.485212,0.130651,TRUE
1004SCN,cognition,0,68,12,29,1004SCN,727,236,661,108,132,6,24,71,236,209,5.601695,0.01886,9,3.302056,0.119532,TRUE
1495SCN,cognition,0,68,16,30,1495SCN,381,208,349,26,30,1,4,14,206,167,3.355769,0.014771,11,4.070992,0.056031,TRUE
1451SCN,cognition,0,66,14,30,1451SCN,247,123,225,22,28,1,6,8,122,101,3.658537,0.026123,10,3.601138,0.137042,TRUE
1397SCN,cognition,1,71,25,30,1397SCN,356,201,331,12,15,4,3,12,200,175,3.293532,0.015522,10,3.95,0.067377,TRUE
1344SCN,cognition,0,71,11,30,1344SCN,375,201,348,20,26,1,6,10,201,171,3.462687,0.01597,12,4.105025,0.057796,TRUE
1338SCN,cognition,0,74,14,30,1338SCN,105,71,95,4,4,0,0,5,71,44,2.676056,0.03662,13,4.893763,0.095352,TRUE
1317SCN,cognition,1,73,15,30,1317SCN,325,184,303,16,23,2,7,6,182,151,3.293478,0.016512,11,4.065691,0.036208,TRUE
1312SCN,cognition,1,70,17,30,1312SCN,181,91,168,13,17,4,5,9,91,78,3.692308,0.035897,11,3.732357,0.116916,TRUE
1293SCN,cognition,1,73,10,30,1293SCN,95,58,89,5,12,1,7,7,58,46,3.068965,0.045977,8,3.667272,0.117516,TRUE
1274SCN,cognition,0,67,12,30,1274SCN,287,156,267,20,29,2,9,7,156,141,3.423077,0.01952,10,3.960794,0.057378,TRUE
1169SCN,cognition,0,65,23,30,1169SCN,546,215,518,74,85,0,11,35,215,202,4.818605,0.018822,7,3.378439,0.119577,TRUE
1145SCN,cognition,0,70,12,30,1145SCN,381,184,345,23,27,2,4,12,182,156,3.75,0.018769,9,3.651023,0.071853,TRUE
1128SCN,cognition,1,80,21,30,1128SCN,488,240,459,36,41,0,5,21,240,209,3.825,0.014575,9,3.637727,0.08478,TRUE
1127SCN,cognition,0,80,13,30,1127SCN,1001,309,936,174,189,2,15,113,309,288,6.058252,0.015656,7,3.158996,0.179621,TRUE
1125SCN,cognition,0,65,12,30,1125SCN,368,199,341,19,25,0,6,18,197,170,3.427136,0.01604,10,3.994147,0.071688,TRUE
1121SCN,cognition,0,70,10,30,1121SCN,504,241,470,37,45,4,8,20,238,214,3.900415,0.014557,9,3.704854,0.098247,TRUE
1114SCN,cognition,0,78,13,30,1114SCN,446,219,411,35,43,2,8,17,219,197,3.753425,0.015332,11,3.849399,0.067327,TRUE
1094SCN,cognition,0,76,11,30,1094SCN,273,130,259,26,34,0,8,17,130,116,3.984615,0.026834,8,3.42099,0.130331,TRUE
1070SCN,cognition,0,69,17,30,1070SCN,614,255,557,79,92,3,14,36,255,219,4.368628,0.014266,10,3.566713,0.12486,TRUE
1040SCN,cognition,0,69,12,30,1040SCN,259,134,246,22,27,1,5,10,134,121,3.671642,0.024464,9,3.617327,0.087853,TRUE
1022SCN,cognition,0,68,14,30,1022SCN,299,141,276,28,31,3,3,15,140,119,3.914894,0.024519,8,3.478006,0.124142,TRUE